<?xml version="1.0" encoding="UTF-8"?>
<metadata>
  <identifier>mamba2_de_box</identifier>
  <mediatype>texts</mediatype>
  <collection>gamemanuals</collection>
  <creator>Data Becker</creator>
  <date>1992</date>
  <description>Die Schachtel des Spiels "Mamba 2" von Data Becker.</description>
  <language>ger</language>
  <scanner>Internet Archive HTML5 Uploader 1.7.0</scanner>
  <subject>DATA BECKER</subject>
  <subject>Rüdiger Appel</subject>
  <subject>Mamba</subject>
  <subject>Windows</subject>
  <title>Mamba 2 - Schachtel</title>
  <uploader>mail@schanzer.eu</uploader>
  <publicdate>2024-02-27 21:23:57</publicdate>
  <addeddate>2024-02-27 21:23:57</addeddate>
  <curation>[curator]validator@archive.org[/curator][date]20240227212413[/date][comment]checked for malware[/comment]</curation>
  <identifier-access>http://archive.org/details/mamba2_de_box</identifier-access>
  <identifier-ark>ark:/13960/s2prgqd3bbd</identifier-ark>
  <ppi>300</ppi>
  <ocr>tesseract 5.3.0-6-g76ae</ocr>
  <ocr_parameters>-l deu</ocr_parameters>
  <ocr_module_version>0.0.21</ocr_module_version>
  <ocr_detected_script>Latin</ocr_detected_script>
  <ocr_detected_script_conf>1.0000</ocr_detected_script_conf>
  <ocr_detected_lang>de</ocr_detected_lang>
  <ocr_detected_lang_conf>1.0000</ocr_detected_lang_conf>
  <page_number_confidence>0</page_number_confidence>
  <page_number_module_version>1.0.5</page_number_module_version>
  <pdf_module_version>0.0.23</pdf_module_version>
  <year>1992</year>
  <collection>manuals</collection>
  <collection>additional_collections</collection>
  <collection_added>manuals</collection_added>
  <collection_added>additional_collections</collection_added>
</metadata>
