<?xml version="1.0" encoding="UTF-8"?>
<files>
  <file name="Aaa_itemimage.jpg" source="original">
    <mtime>1709943456</mtime>
    <size>341732</size>
    <md5>359c0d4186e5cd7f502443a36ba75efd</md5>
    <crc32>342ed4f0</crc32>
    <sha1>7783621d42d109dc8341c2c4bad2241670038a27</sha1>
    <format>Item Image</format>
  </file>
  <file name="Mamba 2 - Schachtel - Hinten.png" source="original">
    <mtime>1709943596</mtime>
    <size>31495864</size>
    <md5>5e83105d0969a9e7f99d6c4d1b4e1c0e</md5>
    <crc32>7f7aca1b</crc32>
    <sha1>02cf6bc3e0e369a5b1ddf0bc884344e78de83266</sha1>
    <format>PNG</format>
  </file>
  <file name="Mamba 2 - Schachtel - Hinten_thumb.jpg" source="derivative">
    <format>JPEG Thumb</format>
    <original>Mamba 2 - Schachtel - Hinten.png</original>
    <mtime>1709943688</mtime>
    <size>10745</size>
    <md5>261d97dd15731e6aef3d871db526d806</md5>
    <crc32>542c0bad</crc32>
    <sha1>8bc19d10e4e2500fef9bb574f2f7b0d17ddbb555</sha1>
  </file>
  <file name="Mamba 2 - Schachtel - Links.png" source="original">
    <mtime>1709985438</mtime>
    <size>3240621</size>
    <md5>c1cbebc0d506d550f616c74e6128ae7d</md5>
    <crc32>8604e480</crc32>
    <sha1>a8279c21c7e3b2e97cda63cbbf76fbf354a96a56</sha1>
    <format>PNG</format>
  </file>
  <file name="Mamba 2 - Schachtel - Links_thumb.jpg" source="derivative">
    <format>JPEG Thumb</format>
    <original>Mamba 2 - Schachtel - Links.png</original>
    <mtime>1709985489</mtime>
    <size>6757</size>
    <md5>5b723a74c182e4a755cfea5c46488213</md5>
    <crc32>58649619</crc32>
    <sha1>0a053700f0541a249b57b4358e3205de9c3b37dd</sha1>
  </file>
  <file name="Mamba 2 - Schachtel - Oben.png" source="original">
    <mtime>1709985440</mtime>
    <size>2302629</size>
    <md5>dd082cac420f23e88053e6c457b23462</md5>
    <crc32>7b699b46</crc32>
    <sha1>7531211e54e1e6a86fdd7f81ec0c81681cff42b1</sha1>
    <format>PNG</format>
  </file>
  <file name="Mamba 2 - Schachtel - Oben_thumb.jpg" source="derivative">
    <format>JPEG Thumb</format>
    <original>Mamba 2 - Schachtel - Oben.png</original>
    <mtime>1709985496</mtime>
    <size>6713</size>
    <md5>6e129a1365b8c9bb212d1337e148e63d</md5>
    <crc32>b3bf6bcc</crc32>
    <sha1>66be836d8b83b3d20c993b2500a0190d9658e472</sha1>
  </file>
  <file name="Mamba 2 - Schachtel - Rechts.png" source="original">
    <mtime>1709985445</mtime>
    <size>3135371</size>
    <md5>feeeb6305f37ff2ee48fb0688a6361ec</md5>
    <crc32>258293eb</crc32>
    <sha1>29ad3668aa3f5941e420c216814394edd8d95a3f</sha1>
    <format>PNG</format>
  </file>
  <file name="Mamba 2 - Schachtel - Rechts_thumb.jpg" source="derivative">
    <format>JPEG Thumb</format>
    <original>Mamba 2 - Schachtel - Rechts.png</original>
    <mtime>1709985503</mtime>
    <size>6665</size>
    <md5>c0afcca0b294e74a1625c5d7a3c4090f</md5>
    <crc32>8070dcee</crc32>
    <sha1>2d5dbef6c1ceb37e3c04fcfd727bffa287488b1a</sha1>
  </file>
  <file name="Mamba 2 - Schachtel - Unten.png" source="original">
    <mtime>1709985434</mtime>
    <size>2223301</size>
    <md5>eee1bc37d26aef120d73eafec02f0b18</md5>
    <crc32>ee710c0b</crc32>
    <sha1>f988fe5b9762ba2c2f9b25d2589f7e45b6f52f75</sha1>
    <format>PNG</format>
  </file>
  <file name="Mamba 2 - Schachtel - Unten_thumb.jpg" source="derivative">
    <format>JPEG Thumb</format>
    <original>Mamba 2 - Schachtel - Unten.png</original>
    <mtime>1709985510</mtime>
    <size>6712</size>
    <md5>a77d6367d6257f5e1e275bda93685b35</md5>
    <crc32>472d70a0</crc32>
    <sha1>208af40c7273450f1a601de7f80d1fd25107c5e5</sha1>
  </file>
  <file name="Mamba 2 - Schachtel - Vorne.png" source="original">
    <mtime>1709943532</mtime>
    <size>39693831</size>
    <md5>eeb7e33168dcbeef34f828c96286b755</md5>
    <crc32>1154933c</crc32>
    <sha1>a15d9f851696e538ad9ff3f9ce8e5e3cb32bb7f7</sha1>
    <format>PNG</format>
  </file>
  <file name="Mamba 2 - Schachtel - Vorne_thumb.jpg" source="derivative">
    <format>JPEG Thumb</format>
    <original>Mamba 2 - Schachtel - Vorne.png</original>
    <mtime>1709943698</mtime>
    <size>12255</size>
    <md5>e599e6e172b004aae601e5e5e5990f48</md5>
    <crc32>deb7a443</crc32>
    <sha1>6ae7b37d8ac54bc5b7d4420fbe26b452f37b1c96</sha1>
  </file>
  <file name="__ia_thumb.jpg" source="original">
    <mtime>1709943482</mtime>
    <size>24310</size>
    <md5>437cbea27160eb865e9c2bbfc73314d7</md5>
    <crc32>826a4413</crc32>
    <sha1>870ab2293877daba883b40aca82d25cf9d7ba0d8</sha1>
    <format>Item Tile</format>
  </file>
  <file name="mamba2_de_box_archive.torrent" source="metadata">
    <btih>30526a381cbeb5d59f2a13f2fd5d5513b6b250f4</btih>
    <mtime>1739849947</mtime>
    <size>7239</size>
    <md5>55988e366e9f6cd2b3ab5113c1aeb3a2</md5>
    <crc32>a5f89b04</crc32>
    <sha1>a099a068296d47ee4d157ce4c34908c7993c226d</sha1>
    <format>Archive BitTorrent</format>
  </file>
  <file name="mamba2_de_box_files.xml" source="original">
    <format>Metadata</format>
    <md5>c84ee1b36cf26844e0b0a4394c9800f7</md5>
    <summation>md5</summation>
  </file>
  <file name="mamba2_de_box_meta.sqlite" source="original">
    <mtime>1709985449</mtime>
    <size>32768</size>
    <md5>440895bb44f596d629d9d371ff6f3edd</md5>
    <crc32>a7660cff</crc32>
    <sha1>e6c9ca79e125e302aaac23ad57073a44889fe936</sha1>
    <format>Metadata</format>
  </file>
  <file name="mamba2_de_box_meta.xml" source="original">
    <mtime>1739849945</mtime>
    <size>1699</size>
    <md5>997f4d63d18b0536208c79e2b5c37092</md5>
    <crc32>3f6b77ce</crc32>
    <sha1>946f2e1674d0478e33639fdbce15a7906ccc6e95</sha1>
    <format>Metadata</format>
  </file>
</files>
